[
  {
    "mode": "NULLABLE",
    "name": "event_type",
    "type": "STRING"
  },
  {
    "mode": "NULLABLE",
    "name": "id",
    "type": "STRING"
  },
  {
    "mode": "NULLABLE",
    "name": "metadata",
    "type": "STRING"
  },
  {
    "mode": "NULLABLE",
    "name": "time_created",
    "type": "TIMESTAMP"
  },
  {
    "mode": "NULLABLE",
    "name": "signature",
    "type": "STRING"
  },
  {
    "mode": "NULLABLE",
    "name": "msg_id",
    "type": "STRING"
  },
  {
    "mode": "NULLABLE",
    "name": "source",
    "type": "STRING"
  }
]
