{
  "annotations": {
    "list": [
      {
        "builtIn": 1,
        "datasource": {
          "type": "datasource",
          "uid": "grafana"
        },
        "enable": true,
        "hide": true,
        "iconColor": "rgba(0, 211, 255, 1)",
        "name": "Annotations & Alerts",
        "target": {
          "limit": 100,
          "matchAny": false,
          "tags": [],
          "type": "dashboard"
        },
        "type": "dashboard"
      }
    ]
  },
  "editable": true,
  "fiscalYearStartMonth": 0,
  "graphTooltip": 2,
  "id": 1,
  "links": [],
  "liveNow": false,
  "panels": [
    {
      "datasource": {
        "type": "grafana-bigquery-datasource",
        "uid": "P8042CABD7873BED6"
      },
      "fieldConfig": {
        "defaults": {
          "color": {
            "mode": "palette-classic"
          },
          "custom": {
            "axisCenteredZero": false,
            "axisColorMode": "text",
            "axisLabel": "Hours",
            "axisPlacement": "auto",
            "barAlignment": 0,
            "drawStyle": "line",
            "fillOpacity": 0,
            "gradientMode": "none",
            "hideFrom": {
              "legend": false,
              "tooltip": false,
              "viz": false
            },
            "lineInterpolation": "linear",
            "lineWidth": 1,
            "pointSize": 5,
            "scaleDistribution": {
              "type": "linear"
            },
            "showPoints": "auto",
            "spanNulls": false,
            "stacking": {
              "group": "A",
              "mode": "none"
            },
            "thresholdsStyle": {
              "mode": "off"
            }
          },
          "mappings": [],
          "thresholds": {
            "mode": "absolute",
            "steps": [
              {
                "color": "green",
                "value": null
              },
              {
                "color": "red",
                "value": 80
              }
            ]
          }
        },
        "overrides": []
      },
      "gridPos": {
        "h": 10,
        "w": 9,
        "x": 0,
        "y": 0
      },
      "id": 2,
      "options": {
        "legend": {
          "calcs": [],
          "displayMode": "list",
          "placement": "bottom",
          "showLegend": true
        },
        "tooltip": {
          "mode": "single",
          "sort": "none"
        }
      },
      "targets": [
        {
          "datasource": {
            "type": "grafana-bigquery-datasource",
            "uid": "P8042CABD7873BED6"
          },
          "editorMode": "code",
          "format": 1,
          "location": "US",
          "project": "gglobo-deployment-frq-hdg-prd",
          "rawQuery": true,
          "rawSql": "SELECT\n day,\n IFNULL(ANY_VALUE(med_time_to_change)/60, 0) AS median_time_to_change, # Hours\nFROM (\n SELECT\n  d.deploy_id,\n  TIMESTAMP_TRUNC(d.time_created, DAY) AS day,\n  PERCENTILE_CONT(\n  IF(TIMESTAMP_DIFF(d.time_created, c.time_created, MINUTE) > 0, TIMESTAMP_DIFF(d.time_created, c.time_created, MINUTE), NULL), # Ignore automated pushes\n  0.5) # Median\n  OVER (PARTITION BY TIMESTAMP_TRUNC(d.time_created, DAY)) AS med_time_to_change, # Minutes\n FROM four_keys.deployments d, d.changes\n LEFT JOIN four_keys.changes c ON changes = c.change_id\n)\nGROUP BY day\nORDER BY day",
          "refId": "A",
          "sql": {
            "columns": [
              {
                "parameters": [],
                "type": "function"
              }
            ],
            "groupBy": [
              {
                "property": {
                  "type": "string"
                },
                "type": "groupBy"
              }
            ],
            "limit": 50
          }
        }
      ],
      "title": "Lead Time for Changes",
      "type": "timeseries"
    },
    {
      "datasource": {
        "type": "grafana-bigquery-datasource",
        "uid": "P8042CABD7873BED6"
      },
      "description": "",
      "fieldConfig": {
        "defaults": {
          "color": {
            "mode": "thresholds"
          },
          "mappings": [
            {
              "options": {
                "One day": {
                  "color": "purple",
                  "index": 0
                },
                "One month": {
                  "color": "yellow",
                  "index": 2
                },
                "One week": {
                  "color": "green",
                  "index": 1
                },
                "One year": {
                  "color": "red",
                  "index": 4
                },
                "Six months": {
                  "color": "red",
                  "index": 3
                }
              },
              "type": "value"
            }
          ],
          "thresholds": {
            "mode": "absolute",
            "steps": [
              {
                "color": "green",
                "value": null
              }
            ]
          }
        },
        "overrides": []
      },
      "gridPos": {
        "h": 5,
        "w": 4,
        "x": 9,
        "y": 0
      },
      "id": 5,
      "options": {
        "colorMode": "value",
        "graphMode": "area",
        "justifyMode": "auto",
        "orientation": "auto",
        "reduceOptions": {
          "calcs": [
            "lastNotNull"
          ],
          "fields": "/^lead_time_to_change$/",
          "values": false
        },
        "textMode": "auto"
      },
      "pluginVersion": "9.3.1",
      "targets": [
        {
          "datasource": {
            "type": "grafana-bigquery-datasource",
            "uid": "P8042CABD7873BED6"
          },
          "editorMode": "code",
          "format": 1,
          "location": "US",
          "project": "gglobo-deployment-frq-hdg-prd",
          "rawQuery": true,
          "rawSql": "SELECT \n CASE\n  WHEN median_time_to_change < 24 * 60 then \"One day\"\n  WHEN median_time_to_change < 168 * 60 then \"One week\"\n  WHEN median_time_to_change < 730 * 60 then \"One month\"\n  WHEN median_time_to_change < 730 * 6 * 60 then \"Six months\"\n  ELSE \"One year\"\n END as lead_time_to_change\nFROM (\n SElECT\n  IFNULL(ANY_VALUE(med_time_to_change), 0) AS median_time_to_change\n FROM (\n   SELECT\n   PERCENTILE_CONT(\n    IF(TIMESTAMP_DIFF(d.time_created, c.time_created, MINUTE) > 0, TIMESTAMP_DIFF(d.time_created, c.time_created, MINUTE), NULL), # Ignore automated pushes\n    0.5) # Median\n    OVER () AS med_time_to_change, # Minutes\n  FROM four_keys.deployments d, d.changes\n  LEFT JOIN four_keys.changes c ON changes = c.change_id\n  WHERE d.time_created > TIMESTAMP(DATE_SUB(CURRENT_DATE(), INTERVAL 3 MONTH))\n )\n)",
          "refId": "A",
          "sql": {
            "columns": [
              {
                "parameters": [],
                "type": "function"
              }
            ],
            "groupBy": [
              {
                "property": {
                  "type": "string"
                },
                "type": "groupBy"
              }
            ],
            "limit": 50
          }
        }
      ],
      "title": "Lead Time to Change Bucket",
      "type": "stat"
    },
    {
      "datasource": {
        "type": "grafana-bigquery-datasource",
        "uid": "P8042CABD7873BED6"
      },
      "fieldConfig": {
        "defaults": {
          "color": {
            "mode": "palette-classic"
          },
          "custom": {
            "axisCenteredZero": false,
            "axisColorMode": "text",
            "axisPlacement": "auto",
            "barAlignment": 0,
            "drawStyle": "bars",
            "fillOpacity": 50,
            "gradientMode": "none",
            "hideFrom": {
              "legend": false,
              "tooltip": false,
              "viz": false
            },
            "lineInterpolation": "linear",
            "lineWidth": 1,
            "pointSize": 5,
            "scaleDistribution": {
              "type": "linear"
            },
            "showPoints": "auto",
            "spanNulls": false,
            "stacking": {
              "group": "A",
              "mode": "none"
            },
            "thresholdsStyle": {
              "mode": "off"
            }
          },
          "mappings": [],
          "min": 0,
          "thresholds": {
            "mode": "absolute",
            "steps": [
              {
                "color": "green",
                "value": null
              },
              {
                "color": "red",
                "value": 80
              }
            ]
          }
        },
        "overrides": []
      },
      "gridPos": {
        "h": 10,
        "w": 9,
        "x": 13,
        "y": 0
      },
      "id": 9,
      "options": {
        "legend": {
          "calcs": [],
          "displayMode": "list",
          "placement": "bottom",
          "showLegend": true
        },
        "tooltip": {
          "mode": "single",
          "sort": "none"
        }
      },
      "targets": [
        {
          "datasource": {
            "type": "grafana-bigquery-datasource",
            "uid": "P8042CABD7873BED6"
          },
          "editorMode": "code",
          "format": 1,
          "location": "US",
          "project": "gglobo-deployment-frq-hdg-prd",
          "rawQuery": true,
          "rawSql": "SELECT\nTIMESTAMP_TRUNC(time_created, DAY) AS day,\nCOUNT(distinct deploy_id) AS deployments\nFROM\nfour_keys.deployments\nGROUP BY day\nORDER BY day",
          "refId": "A",
          "sql": {
            "columns": [
              {
                "parameters": [],
                "type": "function"
              }
            ],
            "groupBy": [
              {
                "property": {
                  "type": "string"
                },
                "type": "groupBy"
              }
            ],
            "limit": 50
          }
        }
      ],
      "title": "Daily Deployments",
      "type": "timeseries"
    },
    {
      "datasource": {
        "type": "grafana-bigquery-datasource",
        "uid": "P8042CABD7873BED6"
      },
      "description": "",
      "fieldConfig": {
        "defaults": {
          "color": {
            "mode": "thresholds"
          },
          "mappings": [
            {
              "options": {
                "Daily": {
                  "color": "purple",
                  "index": 0,
                  "text": "Elite Performance"
                },
                "Monthly": {
                  "color": "yellow",
                  "index": 2
                },
                "Weekly": {
                  "color": "green",
                  "index": 1
                },
                "Yearly": {
                  "color": "red",
                  "index": 3
                }
              },
              "type": "value"
            }
          ],
          "thresholds": {
            "mode": "absolute",
            "steps": [
              {
                "color": "green",
                "value": null
              }
            ]
          }
        },
        "overrides": []
      },
      "gridPos": {
        "h": 5,
        "w": 4,
        "x": 9,
        "y": 5
      },
      "id": 6,
      "options": {
        "colorMode": "value",
        "graphMode": "area",
        "justifyMode": "auto",
        "orientation": "auto",
        "reduceOptions": {
          "calcs": [
            "lastNotNull"
          ],
          "fields": "/^deployment_frequency$/",
          "values": false
        },
        "textMode": "auto"
      },
      "pluginVersion": "9.3.1",
      "targets": [
        {
          "datasource": {
            "type": "grafana-bigquery-datasource",
            "uid": "P8042CABD7873BED6"
          },
          "editorMode": "code",
          "format": 1,
          "location": "US",
          "project": "gglobo-deployment-frq-hdg-prd",
          "rawQuery": true,
          "rawSql": "WITH last_three_months AS\n(SELECT\nTIMESTAMP(day) AS day\nFROM\nUNNEST(\nGENERATE_DATE_ARRAY(\n    DATE_SUB(CURRENT_DATE(), INTERVAL 3 MONTH), CURRENT_DATE(),\n    INTERVAL 1 DAY)) AS day\n# FROM the start of the data\nWHERE day > (SELECT date(min(time_created)) FROM four_keys.events_raw)\n)\n\nSELECT\nCASE WHEN daily THEN \"Daily\" \n     WHEN weekly THEN \"Weekly\" \n      # If at least one per month, then Monthly\n     WHEN PERCENTILE_CONT(monthly_deploys, 0.5) OVER () >= 1 THEN  \"Monthly\" \n     ELSE \"Yearly\"\n     END as deployment_frequency\nFROM (\n  SELECT\n  # If the median number of days per week is more than 3, then Daily\n  PERCENTILE_CONT(days_deployed, 0.5) OVER() >= 3 AS daily,\n  # If most weeks have a deployment, then Weekly\n  PERCENTILE_CONT(week_deployed, 0.5) OVER() >= 1 AS weekly,\n\n  # Count the number of deployments per month.  \n  # Cannot mix aggregate and analytic functions, so calculate the median in the outer select statement\n  SUM(week_deployed) OVER(partition by TIMESTAMP_TRUNC(week, MONTH)) monthly_deploys\n  FROM(\n      SELECT\n      TIMESTAMP_TRUNC(last_three_months.day, WEEK) as week,\n      MAX(if(deployments.day is not null, 1, 0)) as week_deployed,\n      COUNT(distinct deployments.day) as days_deployed\n      FROM last_three_months\n      LEFT JOIN(\n        SELECT\n        TIMESTAMP_TRUNC(time_created, DAY) AS day,\n        deploy_id\n        FROM four_keys.deployments) deployments ON deployments.day = last_three_months.day\n      GROUP BY week)\n )\nLIMIT 1",
          "refId": "A",
          "sql": {
            "columns": [
              {
                "parameters": [],
                "type": "function"
              }
            ],
            "groupBy": [
              {
                "property": {
                  "type": "string"
                },
                "type": "groupBy"
              }
            ],
            "limit": 50
          }
        }
      ],
      "title": "Deployment Frequency",
      "type": "stat"
    },
    {
      "datasource": {
        "type": "grafana-bigquery-datasource",
        "uid": "P8042CABD7873BED6"
      },
      "fieldConfig": {
        "defaults": {
          "color": {
            "mode": "palette-classic"
          },
          "custom": {
            "axisCenteredZero": false,
            "axisColorMode": "text",
            "axisLabel": "Hours",
            "axisPlacement": "auto",
            "barAlignment": 0,
            "drawStyle": "line",
            "fillOpacity": 0,
            "gradientMode": "none",
            "hideFrom": {
              "legend": false,
              "tooltip": false,
              "viz": false
            },
            "lineInterpolation": "linear",
            "lineWidth": 1,
            "pointSize": 5,
            "scaleDistribution": {
              "type": "linear"
            },
            "showPoints": "auto",
            "spanNulls": false,
            "stacking": {
              "group": "A",
              "mode": "none"
            },
            "thresholdsStyle": {
              "mode": "off"
            }
          },
          "mappings": [],
          "thresholds": {
            "mode": "absolute",
            "steps": [
              {
                "color": "green",
                "value": null
              },
              {
                "color": "red",
                "value": 80
              }
            ]
          }
        },
        "overrides": []
      },
      "gridPos": {
        "h": 10,
        "w": 9,
        "x": 0,
        "y": 10
      },
      "id": 3,
      "options": {
        "legend": {
          "calcs": [],
          "displayMode": "list",
          "placement": "bottom",
          "showLegend": true
        },
        "tooltip": {
          "mode": "single",
          "sort": "none"
        }
      },
      "targets": [
        {
          "datasource": {
            "type": "grafana-bigquery-datasource",
            "uid": "P8042CABD7873BED6"
          },
          "editorMode": "code",
          "format": 1,
          "location": "US",
          "project": "gglobo-deployment-frq-hdg-prd",
          "rawQuery": true,
          "rawSql": "SELECT\n  TIMESTAMP_TRUNC(time_created, DAY) as day,\n  #### Median time to resolve\n  PERCENTILE_CONT(\n    TIMESTAMP_DIFF(time_resolved, time_created, HOUR), 0.5)\n    OVER(PARTITION BY TIMESTAMP_TRUNC(time_created, DAY)\n    ) as daily_med_time_to_restore,\n  FROM four_keys.incidents\nORDER BY day",
          "refId": "A",
          "sql": {
            "columns": [
              {
                "parameters": [],
                "type": "function"
              }
            ],
            "groupBy": [
              {
                "property": {
                  "type": "string"
                },
                "type": "groupBy"
              }
            ],
            "limit": 50
          }
        }
      ],
      "title": "Daily Median Time to Restore Services",
      "type": "timeseries"
    },
    {
      "datasource": {
        "type": "grafana-bigquery-datasource",
        "uid": "P8042CABD7873BED6"
      },
      "description": "",
      "fieldConfig": {
        "defaults": {
          "color": {
            "mode": "thresholds"
          },
          "mappings": [
            {
              "options": {
                "One day": {
                  "color": "green",
                  "index": 0
                },
                "One month": {
                  "color": "red",
                  "index": 2
                },
                "One week": {
                  "color": "yellow",
                  "index": 1
                },
                "One year": {
                  "color": "red",
                  "index": 4
                },
                "Six months": {
                  "color": "red",
                  "index": 3
                }
              },
              "type": "value"
            }
          ],
          "thresholds": {
            "mode": "absolute",
            "steps": [
              {
                "color": "green",
                "value": null
              }
            ]
          }
        },
        "overrides": []
      },
      "gridPos": {
        "h": 5,
        "w": 4,
        "x": 9,
        "y": 10
      },
      "id": 7,
      "options": {
        "colorMode": "value",
        "graphMode": "area",
        "justifyMode": "auto",
        "orientation": "auto",
        "reduceOptions": {
          "calcs": [
            "lastNotNull"
          ],
          "fields": "/^med_time_to_resolve$/",
          "values": false
        },
        "textMode": "auto"
      },
      "pluginVersion": "9.3.1",
      "targets": [
        {
          "datasource": {
            "type": "grafana-bigquery-datasource",
            "uid": "P8042CABD7873BED6"
          },
          "editorMode": "code",
          "format": 1,
          "location": "US",
          "project": "gglobo-deployment-frq-hdg-prd",
          "rawQuery": true,
          "rawSql": "SELECT\nCASE WHEN med_time_to_resolve < 24  then \"One day\"\n     WHEN med_time_to_resolve < 168  then \"One week\"\n     WHEN med_time_to_resolve < 730  then \"One month\"\n     WHEN med_time_to_resolve < 730 * 6 then \"Six months\"\n     ELSE \"One year\"\n     END as med_time_to_resolve,\nFROM (\n  SELECT\n  #### Median time to resolve\n  PERCENTILE_CONT(\n    TIMESTAMP_DIFF(time_resolved, time_created, HOUR), 0.5)\n    OVER() as med_time_to_resolve,\n  FROM four_keys.incidents\n  # Limit to 3 months\n  WHERE time_created > TIMESTAMP(DATE_SUB(CURRENT_DATE(), INTERVAL 3 MONTH)))\nLIMIT 1",
          "refId": "A",
          "sql": {
            "columns": [
              {
                "parameters": [],
                "type": "function"
              }
            ],
            "groupBy": [
              {
                "property": {
                  "type": "string"
                },
                "type": "groupBy"
              }
            ],
            "limit": 50
          }
        }
      ],
      "title": "Median Time to Restore Services",
      "type": "stat"
    },
    {
      "datasource": {
        "type": "grafana-bigquery-datasource",
        "uid": "P8042CABD7873BED6"
      },
      "fieldConfig": {
        "defaults": {
          "color": {
            "mode": "palette-classic"
          },
          "custom": {
            "axisCenteredZero": false,
            "axisColorMode": "text",
            "axisPlacement": "auto",
            "barAlignment": 0,
            "drawStyle": "line",
            "fillOpacity": 0,
            "gradientMode": "none",
            "hideFrom": {
              "legend": false,
              "tooltip": false,
              "viz": false
            },
            "lineInterpolation": "linear",
            "lineWidth": 1,
            "pointSize": 5,
            "scaleDistribution": {
              "type": "linear"
            },
            "showPoints": "auto",
            "spanNulls": false,
            "stacking": {
              "group": "A",
              "mode": "none"
            },
            "thresholdsStyle": {
              "mode": "off"
            }
          },
          "mappings": [],
          "thresholds": {
            "mode": "absolute",
            "steps": [
              {
                "color": "green",
                "value": null
              },
              {
                "color": "red",
                "value": 80
              }
            ]
          }
        },
        "overrides": []
      },
      "gridPos": {
        "h": 10,
        "w": 9,
        "x": 13,
        "y": 10
      },
      "id": 10,
      "options": {
        "legend": {
          "calcs": [],
          "displayMode": "list",
          "placement": "bottom",
          "showLegend": true
        },
        "tooltip": {
          "mode": "single",
          "sort": "none"
        }
      },
      "targets": [
        {
          "datasource": {
            "type": "grafana-bigquery-datasource",
            "uid": "P8042CABD7873BED6"
          },
          "editorMode": "code",
          "format": 1,
          "location": "US",
          "project": "gglobo-deployment-frq-hdg-prd",
          "rawQuery": true,
          "rawSql": "SELECT\nTIMESTAMP_TRUNC(d.time_created, DAY) as day,\n  IF(COUNT(DISTINCT change_id) = 0,0, SUM(IF(i.incident_id is NULL, 0, 1)) / COUNT(DISTINCT deploy_id)) as change_fail_rate\nFROM four_keys.deployments d, d.changes\nLEFT JOIN four_keys.changes c ON changes = c.change_id\nLEFT JOIN(SELECT\n        DISTINCT incident_id,\n        change,\n        time_resolved\n        FROM four_keys.incidents i,\n        i.changes change) i ON i.change = changes\nGROUP BY day",
          "refId": "A",
          "sql": {
            "columns": [
              {
                "parameters": [],
                "type": "function"
              }
            ],
            "groupBy": [
              {
                "property": {
                  "type": "string"
                },
                "type": "groupBy"
              }
            ],
            "limit": 50
          }
        }
      ],
      "title": "Daily Change Failure Rate",
      "type": "timeseries"
    },
    {
      "datasource": {
        "type": "grafana-bigquery-datasource",
        "uid": "P8042CABD7873BED6"
      },
      "description": "",
      "fieldConfig": {
        "defaults": {
          "color": {
            "mode": "thresholds"
          },
          "mappings": [
            {
              "options": {
                "0-15%": {
                  "color": "green",
                  "index": 0
                },
                "16-45%": {
                  "color": "yellow",
                  "index": 1
                },
                "46-60%": {
                  "color": "red",
                  "index": 2
                }
              },
              "type": "value"
            }
          ],
          "thresholds": {
            "mode": "absolute",
            "steps": [
              {
                "color": "green",
                "value": null
              }
            ]
          }
        },
        "overrides": []
      },
      "gridPos": {
        "h": 5,
        "w": 4,
        "x": 9,
        "y": 15
      },
      "id": 8,
      "options": {
        "colorMode": "value",
        "graphMode": "area",
        "justifyMode": "auto",
        "orientation": "auto",
        "reduceOptions": {
          "calcs": [
            "lastNotNull"
          ],
          "fields": "/^change_fail_rate$/",
          "values": false
        },
        "textMode": "auto"
      },
      "pluginVersion": "9.3.1",
      "targets": [
        {
          "datasource": {
            "type": "grafana-bigquery-datasource",
            "uid": "P8042CABD7873BED6"
          },
          "editorMode": "code",
          "format": 1,
          "location": "US",
          "project": "gglobo-deployment-frq-hdg-prd",
          "rawQuery": true,
          "rawSql": "SELECT\nCASE WHEN change_fail_rate <= .15 then \"0-15%\"\n     WHEN change_fail_rate < .46 then \"16-45%\"\n     ELSE \"46-60%\" end as change_fail_rate\nFROM \n (SELECT\n    IF(COUNT(DISTINCT change_id) = 0,0, SUM(IF(i.incident_id is NULL, 0, 1)) / COUNT(DISTINCT deploy_id)) as change_fail_rate\n  FROM four_keys.deployments d, d.changes\n  LEFT JOIN four_keys.changes c ON changes = c.change_id\n  LEFT JOIN(SELECT\n          incident_id,\n          change,\n          time_resolved\n          FROM four_keys.incidents i,\n          i.changes change) i ON i.change = changes\n  # Limit to 3 months\n  WHERE d.time_created > TIMESTAMP(DATE_SUB(CURRENT_DATE(), INTERVAL 3 MONTH))\n  )\nLIMIT 1",
          "refId": "A",
          "sql": {
            "columns": [
              {
                "parameters": [],
                "type": "function"
              }
            ],
            "groupBy": [
              {
                "property": {
                  "type": "string"
                },
                "type": "groupBy"
              }
            ],
            "limit": 50
          }
        }
      ],
      "title": "Change Failure Rate",
      "type": "stat"
    }
  ],
  "refresh": "",
  "schemaVersion": 37,
  "style": "dark",
  "tags": [],
  "templating": {
    "list": []
  },
  "time": {
    "from": "2022-08-01T03:00:00.000Z",
    "to": "now"
  },
  "timepicker": {
    "hidden": false,
    "refresh_intervals": [
      "5s",
      "10s",
      "30s",
      "1m",
      "5m",
      "15m",
      "30m",
      "1h",
      "2h",
      "1d"
    ],
    "time_options": [
      "5m",
      "15m",
      "1h",
      "6h",
      "12h",
      "24h",
      "2d",
      "7d",
      "30d"
    ],
    "type": "timepicker"
  },
  "timezone": "utc",
  "title": "Four Keys",
  "uid": "yVtwoQ4nk",
  "version": 2,
  "weekStart": ""
}